Store_ID,Product_ID,Stock_On_Hand,Product_Cost,Total
1,1,27,9.99,269.73
1,2,0,9.99,0
1,3,32,1.99,63.68
1,4,6,9.99,59.94
1,5,0,7.99,0
1,6,79,6.99,552.21
1,7,5,11.99,59.95
1,8,63,3.99,251.37
1,9,12,9.99,119.88
1,10,22,10.99,241.78
1,11,19,10.99,208.81
1,12,3,8.99,26.97
1,13,12,14.99,179.88
1,14,3,5.99,17.97
1,15,2,3.99,7.98
1,16,8,2.99,23.92
1,17,7,13.99,97.93
1,18,11,34.99,384.89
1,19,25,13.99,349.75
1,20,11,8.99,98.89
1,21,21,6.99,146.79
1,22,2,13.99,27.98
1,23,1,4.99,4.99
1,24,9,14.99,134.91
1,25,54,1.99,107.46
1,26,13,20.99,272.87
1,27,33,3.99,131.67
1,28,10,3.99,39.9
1,29,4,8.99,35.96
1,30,44,17.99,791.56
1,31,7,7.99,55.93
1,32,4,11.99,47.96
1,33,2,10.99,21.98
1,34,0,20.99,0
1,35,12,3.99,47.88
2,1,0,9.99,0
2,2,6,9.99,59.94
2,3,18,1.99,35.82
2,6,6,6.99,41.94
2,7,14,11.99,167.86
2,8,76,3.99,303.24
2,9,0,9.99,0
2,10,10,10.99,109.9
2,11,0,10.99,0
2,12,2,8.99,17.98
2,13,3,14.99,44.97
2,14,21,5.99,125.79
2,15,20,3.99,79.8
2,17,12,13.99,167.88
2,18,38,34.99,1329.62
2,19,35,13.99,489.65
2,21,20,6.99,139.8
2,23,8,4.99,39.92
2,24,39,14.99,584.61
2,25,32,1.99,63.68
2,26,12,20.99,251.88
2,27,30,3.99,119.7
2,28,2,3.99,7.98
2,29,5,8.99,44.95
2,30,50,17.99,899.5
2,31,18,7.99,143.82
2,32,10,11.99,119.9
2,33,11,10.99,120.89
2,34,18,20.99,377.82
3,1,17,9.99,169.83
3,2,8,9.99,79.92
3,3,35,1.99,69.65
3,6,21,6.99,146.79
3,7,8,11.99,95.92
3,8,44,3.99,175.56
3,9,4,9.99,39.96
3,10,54,10.99,593.46
3,11,13,10.99,142.87
3,12,4,8.99,35.96
3,13,8,14.99,119.92
3,14,4,5.99,23.96
3,15,0,3.99,0
3,17,1,13.99,13.99
3,18,52,34.99,1819.48
3,19,33,13.99,461.67
3,21,3,6.99,20.97
3,23,13,4.99,64.87
3,24,15,14.99,224.85
3,25,44,1.99,87.56
3,26,13,20.99,272.87
3,27,23,3.99,91.77
3,28,10,3.99,39.9
3,29,0,8.99,0
3,30,43,17.99,773.57
3,31,29,7.99,231.71
3,32,4,11.99,47.96
3,33,4,10.99,43.96
3,34,7,20.99,146.93
4,1,2,9.99,19.98
4,2,18,9.99,179.82
4,3,6,1.99,11.94
4,4,2,9.99,19.98
4,5,14,7.99,111.86
4,6,44,6.99,307.56
4,7,9,11.99,107.91
4,8,15,3.99,59.85
4,9,27,9.99,269.73
4,10,8,10.99,87.92
4,11,3,10.99,32.97
4,12,7,8.99,62.93
4,13,4,14.99,59.96
4,14,4,5.99,23.96
4,15,9,3.99,35.91
4,16,8,2.99,23.92
4,17,2,13.99,27.98
4,18,17,34.99,594.83
4,19,2,13.99,27.98
4,20,13,8.99,116.87
4,21,24,6.99,167.76
4,22,5,13.99,69.95
4,23,26,4.99,129.74
4,24,20,14.99,299.8
4,25,18,1.99,35.82
4,26,10,20.99,209.9
4,27,19,3.99,75.81
4,28,6,3.99,23.94
4,29,20,8.99,179.8
4,30,28,17.99,503.72
4,31,35,7.99,279.65
4,32,6,11.99,71.94
4,33,2,10.99,21.98
4,34,0,20.99,0
4,35,4,3.99,15.96
5,1,8,9.99,79.92
5,2,14,9.99,139.86
5,3,3,1.99,5.97
5,6,12,6.99,83.88
5,7,30,11.99,359.7
5,8,27,3.99,107.73
5,9,31,9.99,309.69
5,10,39,10.99,428.61
5,11,0,10.99,0
5,12,0,8.99,0
5,13,17,14.99,254.83
5,14,14,5.99,83.86
5,15,0,3.99,0
5,17,7,13.99,97.93
5,18,9,34.99,314.91
5,19,18,13.99,251.82
5,21,0,6.99,0
5,23,11,4.99,54.89
5,24,60,14.99,899.4
5,25,9,1.99,17.91
5,26,4,20.99,83.96
5,27,45,3.99,179.55
5,28,0,3.99,0
5,29,8,8.99,71.92
5,30,39,17.99,701.61
5,31,31,7.99,247.69
5,32,10,11.99,119.9
5,33,17,10.99,186.83
5,34,10,20.99,209.9
6,1,0,9.99,0
6,2,47,9.99,469.53
6,3,20,1.99,39.8
6,4,14,9.99,139.86
6,5,8,7.99,63.92
6,6,32,6.99,223.68
6,7,18,11.99,215.82
6,8,50,3.99,199.5
6,9,3,9.99,29.97
6,10,52,10.99,571.48
6,11,20,10.99,219.8
6,12,2,8.99,17.98
6,13,2,14.99,29.98
6,14,11,5.99,65.89
6,15,11,3.99,43.89
6,16,10,2.99,29.9
6,17,22,13.99,307.78
6,18,11,34.99,384.89
6,19,39,13.99,545.61
6,20,9,8.99,80.91
6,21,36,6.99,251.64
6,22,5,13.99,69.95
6,23,15,4.99,74.85
6,24,15,14.99,224.85
6,25,62,1.99,123.38
6,26,7,20.99,146.93
6,27,37,3.99,147.63
6,28,2,3.99,7.98
6,29,10,8.99,89.9
6,30,67,17.99,1205.33
6,31,17,7.99,135.83
6,32,7,11.99,83.93
6,33,7,10.99,76.93
6,34,8,20.99,167.92
6,35,3,3.99,11.97
7,1,14,9.99,139.86
7,2,7,9.99,69.93
7,3,10,1.99,19.9
7,4,17,9.99,169.83
7,5,19,7.99,151.81
7,6,10,6.99,69.9
7,7,1,11.99,11.99
7,8,46,3.99,183.54
7,9,0,9.99,0
7,10,36,10.99,395.64
7,11,7,10.99,76.93
7,12,38,8.99,341.62
7,13,20,14.99,299.8
7,14,3,5.99,17.97
7,15,3,3.99,11.97
7,16,6,2.99,17.94
7,17,4,13.99,55.96
7,18,31,34.99,1084.69
7,19,24,13.99,335.76
7,20,7,8.99,62.93
7,21,49,6.99,342.51
7,22,8,13.99,111.92
7,23,9,4.99,44.91
7,24,25,14.99,374.75
7,25,10,1.99,19.9
7,26,16,20.99,335.84
7,27,48,3.99,191.52
7,28,0,3.99,0
7,29,8,8.99,71.92
7,30,27,17.99,485.73
7,31,15,7.99,119.85
7,32,3,11.99,35.97
7,33,18,10.99,197.82
7,34,2,20.99,41.98
7,35,17,3.99,67.83
8,1,10,9.99,99.9
8,2,11,9.99,109.89
8,3,8,1.99,15.92
8,4,18,9.99,179.82
8,5,10,7.99,79.9
8,6,12,6.99,83.88
8,7,8,11.99,95.92
8,8,42,3.99,167.58
8,9,0,9.99,0
8,10,54,10.99,593.46
8,11,8,10.99,87.92
8,12,4,8.99,35.96
8,13,0,14.99,0
8,14,0,5.99,0
8,15,0,3.99,0
8,16,8,2.99,23.92
8,17,5,13.99,69.95
8,18,18,34.99,629.82
8,19,11,13.99,153.89
8,20,5,8.99,44.95
8,21,37,6.99,258.63
8,22,13,13.99,181.87
8,23,8,4.99,39.92
8,24,7,14.99,104.93
8,25,71,1.99,141.29
8,26,20,20.99,419.8
8,27,47,3.99,187.53
8,28,20,3.99,79.8
8,29,3,8.99,26.97
8,30,13,17.99,233.87
8,31,27,7.99,215.73
8,32,7,11.99,83.93
8,33,17,10.99,186.83
8,34,18,20.99,377.82
8,35,8,3.99,31.92
9,1,15,9.99,149.85
9,2,18,9.99,179.82
9,3,10,1.99,19.9
9,4,6,9.99,59.94
9,5,3,7.99,23.97
9,6,55,6.99,384.45
9,7,22,11.99,263.78
9,8,29,3.99,115.71
9,9,50,9.99,499.5
9,10,69,10.99,758.31
9,11,1,10.99,10.99
9,12,6,8.99,53.94
9,13,19,14.99,284.81
9,14,11,5.99,65.89
9,15,9,3.99,35.91
9,16,5,2.99,14.95
9,17,8,13.99,111.92
9,18,8,34.99,279.92
9,19,54,13.99,755.46
9,20,4,8.99,35.96
9,21,12,6.99,83.88
9,22,9,13.99,125.91
9,23,31,4.99,154.69
9,24,16,14.99,239.84
9,25,4,1.99,7.96
9,26,21,20.99,440.79
9,27,29,3.99,115.71
9,28,9,3.99,35.91
9,29,8,8.99,71.92
9,30,11,17.99,197.89
9,31,6,7.99,47.94
9,32,3,11.99,35.97
9,33,9,10.99,98.91
9,34,5,20.99,104.95
9,35,4,3.99,15.96
10,1,5,9.99,49.95
10,2,17,9.99,169.83
10,3,15,1.99,29.85
10,4,17,9.99,169.83
10,5,4,7.99,31.96
10,6,24,6.99,167.76
10,7,13,11.99,155.87
10,8,73,3.99,291.27
10,9,10,9.99,99.9
10,10,57,10.99,626.43
10,11,9,10.99,98.91
10,12,15,8.99,134.85
10,13,17,14.99,254.83
10,14,4,5.99,23.96
10,15,13,3.99,51.87
10,16,1,2.99,2.99
10,17,3,13.99,41.97
10,18,17,34.99,594.83
10,19,57,13.99,797.43
10,20,4,8.99,35.96
10,21,16,6.99,111.84
10,22,13,13.99,181.87
10,23,9,4.99,44.91
10,24,20,14.99,299.8
10,25,68,1.99,135.32
10,26,9,20.99,188.91
10,27,24,3.99,95.76
10,28,19,3.99,75.81
10,29,12,8.99,107.88
10,30,42,17.99,755.58
10,31,7,7.99,55.93
10,32,13,11.99,155.87
10,33,12,10.99,131.88
10,34,16,20.99,335.84
10,35,2,3.99,7.98
11,1,19,9.99,189.81
11,2,18,9.99,179.82
11,3,18,1.99,35.82
11,6,32,6.99,223.68
11,7,19,11.99,227.81
11,8,64,3.99,255.36
11,9,13,9.99,129.87
11,10,17,10.99,186.83
11,11,9,10.99,98.91
11,12,17,8.99,152.83
11,13,2,14.99,29.98
11,14,18,5.99,107.82
11,15,7,3.99,27.93
11,17,5,13.99,69.95
11,18,34,34.99,1189.66
11,19,51,13.99,713.49
11,21,0,6.99,0
11,23,23,4.99,114.77
11,24,39,14.99,584.61
11,25,70,1.99,139.3
11,26,10,20.99,209.9
11,27,28,3.99,111.72
11,28,11,3.99,43.89
11,29,4,8.99,35.96
11,30,10,17.99,179.9
11,31,20,7.99,159.8
11,32,4,11.99,47.96
11,33,6,10.99,65.94
11,34,9,20.99,188.91
12,1,16,9.99,159.84
12,2,16,9.99,159.84
12,3,44,1.99,87.56
12,4,8,9.99,79.92
12,5,17,7.99,135.83
12,6,23,6.99,160.77
12,7,11,11.99,131.89
12,8,61,3.99,243.39
12,9,14,9.99,139.86
12,10,17,10.99,186.83
12,11,8,10.99,87.92
12,12,10,8.99,89.9
12,13,15,14.99,224.85
12,14,13,5.99,77.87
12,15,11,3.99,43.89
12,16,14,2.99,41.86
12,17,5,13.99,69.95
12,18,20,34.99,699.8
12,19,52,13.99,727.48
12,20,15,8.99,134.85
12,21,15,6.99,104.85
12,22,4,13.99,55.96
12,23,15,4.99,74.85
12,24,34,14.99,509.66
12,25,23,1.99,45.77
12,26,20,20.99,419.8
12,27,36,3.99,143.64
12,28,10,3.99,39.9
12,29,19,8.99,170.81
12,30,45,17.99,809.55
12,31,13,7.99,103.87
12,32,9,11.99,107.91
12,33,5,10.99,54.95
12,34,9,20.99,188.91
12,35,9,3.99,35.91
13,1,0,9.99,0
13,2,2,9.99,19.98
13,3,3,1.99,5.97
13,6,14,6.99,97.86
13,7,16,11.99,191.84
13,8,66,3.99,263.34
13,9,0,9.99,0
13,10,84,10.99,923.16
13,11,0,10.99,0
13,12,0,8.99,0
13,13,14,14.99,209.86
13,14,21,5.99,125.79
13,15,27,3.99,107.73
13,17,9,13.99,125.91
13,18,47,34.99,1644.53
13,19,49,13.99,685.51
13,21,9,6.99,62.91
13,23,6,4.99,29.94
13,24,24,14.99,359.76
13,25,37,1.99,73.63
13,26,2,20.99,41.98
13,27,56,3.99,223.44
13,28,0,3.99,0
13,29,3,8.99,26.97
13,30,17,17.99,305.83
13,31,24,7.99,191.76
13,32,7,11.99,83.93
13,33,3,10.99,32.97
13,34,3,20.99,62.97
14,1,21,9.99,209.79
14,2,5,9.99,49.95
14,3,22,1.99,43.78
14,6,18,6.99,125.82
14,7,13,11.99,155.87
14,8,57,3.99,227.43
14,9,10,9.99,99.9
14,10,32,10.99,351.68
14,11,10,10.99,109.9
14,12,2,8.99,17.98
14,13,14,14.99,209.86
14,14,4,5.99,23.96
14,15,0,3.99,0
14,17,14,13.99,195.86
14,18,7,34.99,244.93
14,19,23,13.99,321.77
14,21,0,6.99,0
14,23,4,4.99,19.96
14,24,10,14.99,149.9
14,25,15,1.99,29.85
14,26,3,20.99,62.97
14,27,34,3.99,135.66
14,28,22,3.99,87.78
14,29,0,8.99,0
14,30,10,17.99,179.9
14,31,5,7.99,39.95
14,32,2,11.99,23.98
14,33,2,10.99,21.98
14,34,8,20.99,167.92
15,1,24,9.99,239.76
15,2,5,9.99,49.95
15,3,3,1.99,5.97
15,6,29,6.99,202.71
15,7,10,11.99,119.9
15,8,40,3.99,159.6
15,9,26,9.99,259.74
15,10,39,10.99,428.61
15,11,28,10.99,307.72
15,12,0,8.99,0
15,13,13,14.99,194.87
15,14,20,5.99,119.8
15,15,2,3.99,7.98
15,17,24,13.99,335.76
15,18,34,34.99,1189.66
15,19,63,13.99,881.37
15,21,12,6.99,83.88
15,23,18,4.99,89.82
15,24,35,14.99,524.65
15,25,43,1.99,85.57
15,26,17,20.99,356.83
15,27,26,3.99,103.74
15,28,2,3.99,7.98
15,29,13,8.99,116.87
15,30,13,17.99,233.87
15,31,4,7.99,31.96
15,32,16,11.99,191.84
15,33,8,10.99,87.92
15,34,7,20.99,146.93
16,1,13,9.99,129.87
16,2,28,9.99,279.72
16,3,37,1.99,73.63
16,4,7,9.99,69.93
16,5,14,7.99,111.86
16,6,27,6.99,188.73
16,7,19,11.99,227.81
16,8,18,3.99,71.82
16,9,8,9.99,79.92
16,10,43,10.99,472.57
16,11,12,10.99,131.88
16,12,12,8.99,107.88
16,13,5,14.99,74.95
16,14,19,5.99,113.81
16,15,1,3.99,3.99
16,16,14,2.99,41.86
16,17,14,13.99,195.86
16,18,27,34.99,944.73
16,19,29,13.99,405.71
16,20,2,8.99,17.98
16,21,54,6.99,377.46
16,22,9,13.99,125.91
16,23,2,4.99,9.98
16,24,6,14.99,89.94
16,25,37,1.99,73.63
16,26,19,20.99,398.81
16,27,15,3.99,59.85
16,28,0,3.99,0
16,29,7,8.99,62.93
16,30,49,17.99,881.51
16,31,14,7.99,111.86
16,32,7,11.99,83.93
16,33,6,10.99,65.94
16,34,2,20.99,41.98
16,35,6,3.99,23.94
17,1,22,9.99,219.78
17,2,15,9.99,149.85
17,3,8,1.99,15.92
17,6,16,6.99,111.84
17,7,20,11.99,239.8
17,8,20,3.99,79.8
17,9,7,9.99,69.93
17,10,67,10.99,736.33
17,11,6,10.99,65.94
17,12,10,8.99,89.9
17,13,16,14.99,239.84
17,14,4,5.99,23.96
17,15,11,3.99,43.89
17,17,27,13.99,377.73
17,18,27,34.99,944.73
17,19,53,13.99,741.47
17,21,27,6.99,188.73
17,23,13,4.99,64.87
17,24,27,14.99,404.73
17,25,59,1.99,117.41
17,26,25,20.99,524.75
17,27,12,3.99,47.88
17,28,3,3.99,11.97
17,29,16,8.99,143.84
17,30,22,17.99,395.78
17,31,20,7.99,159.8
17,32,15,11.99,179.85
17,33,27,10.99,296.73
17,34,11,20.99,230.89
18,1,1,9.99,9.99
18,2,12,9.99,119.88
18,3,64,1.99,127.36
18,4,10,9.99,99.9
18,5,7,7.99,55.93
18,6,22,6.99,153.78
18,7,16,11.99,191.84
18,8,52,3.99,207.48
18,9,50,9.99,499.5
18,10,16,10.99,175.84
18,11,12,10.99,131.88
18,12,3,8.99,26.97
18,13,30,14.99,449.7
18,14,67,5.99,401.33
18,15,5,3.99,19.95
18,16,10,2.99,29.9
18,17,19,13.99,265.81
18,18,29,34.99,1014.71
18,19,15,13.99,209.85
18,20,3,8.99,26.97
18,21,29,6.99,202.71
18,22,18,13.99,251.82
18,23,16,4.99,79.84
18,24,26,14.99,389.74
18,25,74,1.99,147.26
18,26,2,20.99,41.98
18,27,40,3.99,159.6
18,28,0,3.99,0
18,29,28,8.99,251.72
18,30,15,17.99,269.85
18,31,4,7.99,31.96
18,32,9,11.99,107.91
18,33,9,10.99,98.91
18,34,8,20.99,167.92
18,35,10,3.99,39.9
19,1,5,9.99,49.95
19,2,14,9.99,139.86
19,3,7,1.99,13.93
19,4,18,9.99,179.82
19,5,17,7.99,135.83
19,6,11,6.99,76.89
19,7,16,11.99,191.84
19,8,84,3.99,335.16
19,9,8,9.99,79.92
19,10,45,10.99,494.55
19,11,0,10.99,0
19,12,3,8.99,26.97
19,13,7,14.99,104.93
19,14,4,5.99,23.96
19,15,0,3.99,0
19,16,2,2.99,5.98
19,17,5,13.99,69.95
19,18,19,34.99,664.81
19,19,37,13.99,517.63
19,20,11,8.99,98.89
19,21,24,6.99,167.76
19,22,3,13.99,41.97
19,23,10,4.99,49.9
19,24,16,14.99,239.84
19,25,18,1.99,35.82
19,26,5,20.99,104.95
19,27,27,3.99,107.73
19,28,6,3.99,23.94
19,29,29,8.99,260.71
19,30,7,17.99,125.93
19,31,4,7.99,31.96
19,32,5,11.99,59.95
19,33,0,10.99,0
19,34,15,20.99,314.85
19,35,14,3.99,55.86
20,1,38,9.99,379.62
20,2,2,9.99,19.98
20,3,24,1.99,47.76
20,6,4,6.99,27.96
20,7,9,11.99,107.91
20,8,26,3.99,103.74
20,9,9,9.99,89.91
20,10,34,10.99,373.66
20,11,3,10.99,32.97
20,12,4,8.99,35.96
20,13,11,14.99,164.89
20,14,6,5.99,35.94
20,15,36,3.99,143.64
20,17,23,13.99,321.77
20,18,8,34.99,279.92
20,19,2,13.99,27.98
20,21,0,6.99,0
20,23,12,4.99,59.88
20,24,18,14.99,269.82
20,25,92,1.99,183.08
20,26,12,20.99,251.88
20,27,12,3.99,47.88
20,28,3,3.99,11.97
20,29,9,8.99,80.91
20,30,17,17.99,305.83
20,31,10,7.99,79.9
20,32,9,11.99,107.91
20,33,28,10.99,307.72
20,34,19,20.99,398.81
21,1,7,9.99,69.93
21,2,24,9.99,239.76
21,3,74,1.99,147.26
21,6,10,6.99,69.9
21,7,8,11.99,95.92
21,8,11,3.99,43.89
21,9,26,9.99,259.74
21,10,13,10.99,142.87
21,11,11,10.99,120.89
21,12,21,8.99,188.79
21,13,5,14.99,74.95
21,14,4,5.99,23.96
21,15,9,3.99,35.91
21,17,4,13.99,55.96
21,18,6,34.99,209.94
21,19,49,13.99,685.51
21,21,14,6.99,97.86
21,23,30,4.99,149.7
21,24,19,14.99,284.81
21,25,46,1.99,91.54
21,26,21,20.99,440.79
21,27,54,3.99,215.46
21,28,7,3.99,27.93
21,29,8,8.99,71.92
21,30,49,17.99,881.51
21,31,19,7.99,151.81
21,32,3,11.99,35.97
21,33,16,10.99,175.84
21,34,16,20.99,335.84
22,1,10,9.99,99.9
22,2,25,9.99,249.75
22,3,0,1.99,0
22,4,6,9.99,59.94
22,5,14,7.99,111.86
22,6,8,6.99,55.92
22,7,30,11.99,359.7
22,8,71,3.99,283.29
22,9,14,9.99,139.86
22,10,64,10.99,703.36
22,11,7,10.99,76.93
22,12,3,8.99,26.97
22,13,19,14.99,284.81
22,14,5,5.99,29.95
22,15,0,3.99,0
22,16,3,2.99,8.97
22,17,10,13.99,139.9
22,18,13,34.99,454.87
22,19,17,13.99,237.83
22,20,18,8.99,161.82
22,21,30,6.99,209.7
22,22,4,13.99,55.96
22,23,7,4.99,34.93
22,24,29,14.99,434.71
22,25,6,1.99,11.94
22,26,15,20.99,314.85
22,27,45,3.99,179.55
22,28,0,3.99,0
22,29,5,8.99,44.95
22,30,22,17.99,395.78
22,31,34,7.99,271.66
22,32,38,11.99,455.62
22,33,8,10.99,87.92
22,34,6,20.99,125.94
22,35,2,3.99,7.98
23,1,4,9.99,39.96
23,2,11,9.99,109.89
23,3,5,1.99,9.95
23,4,3,9.99,29.97
23,5,4,7.99,31.96
23,6,17,6.99,118.83
23,7,11,11.99,131.89
23,8,32,3.99,127.68
23,9,9,9.99,89.91
23,10,35,10.99,384.65
23,11,18,10.99,197.82
23,12,14,8.99,125.86
23,13,31,14.99,464.69
23,14,7,5.99,41.93
23,15,14,3.99,55.86
23,16,7,2.99,20.93
23,17,9,13.99,125.91
23,18,42,34.99,1469.58
23,19,27,13.99,377.73
23,20,2,8.99,17.98
23,21,30,6.99,209.7
23,22,11,13.99,153.89
23,23,8,4.99,39.92
23,24,40,14.99,599.6
23,25,38,1.99,75.62
23,26,15,20.99,314.85
23,27,7,3.99,27.93
23,28,48,3.99,191.52
23,29,9,8.99,80.91
23,30,38,17.99,683.62
23,31,19,7.99,151.81
23,32,11,11.99,131.89
23,33,6,10.99,65.94
23,34,18,20.99,377.82
23,35,4,3.99,15.96
24,1,11,9.99,109.89
24,2,25,9.99,249.75
24,3,13,1.99,25.87
24,4,1,9.99,9.99
24,5,4,7.99,31.96
24,6,46,6.99,321.54
24,7,15,11.99,179.85
24,8,53,3.99,211.47
24,9,19,9.99,189.81
24,10,19,10.99,208.81
24,11,13,10.99,142.87
24,12,0,8.99,0
24,13,10,14.99,149.9
24,14,36,5.99,215.64
24,15,0,3.99,0
24,16,3,2.99,8.97
24,17,27,13.99,377.73
24,18,20,34.99,699.8
24,19,67,13.99,937.33
24,20,7,8.99,62.93
24,21,0,6.99,0
24,22,13,13.99,181.87
24,23,16,4.99,79.84
24,24,4,14.99,59.96
24,25,48,1.99,95.52
24,26,21,20.99,440.79
24,27,50,3.99,199.5
24,28,0,3.99,0
24,29,3,8.99,26.97
24,30,50,17.99,899.5
24,31,10,7.99,79.9
24,32,10,11.99,119.9
24,33,4,10.99,43.96
24,34,17,20.99,356.83
24,35,19,3.99,75.81
25,1,8,9.99,79.92
25,2,18,9.99,179.82
25,3,43,1.99,85.57
25,6,3,6.99,20.97
25,7,7,11.99,83.93
25,8,66,3.99,263.34
25,9,9,9.99,89.91
25,10,8,10.99,87.92
25,11,3,10.99,32.97
25,12,17,8.99,152.83
25,13,23,14.99,344.77
25,14,20,5.99,119.8
25,15,13,3.99,51.87
25,17,4,13.99,55.96
25,18,34,34.99,1189.66
25,19,28,13.99,391.72
25,21,5,6.99,34.95
25,23,10,4.99,49.9
25,24,10,14.99,149.9
25,25,80,1.99,159.2
25,26,3,20.99,62.97
25,27,29,3.99,115.71
25,28,16,3.99,63.84
25,29,6,8.99,53.94
25,30,46,17.99,827.54
25,31,0,7.99,0
25,32,10,11.99,119.9
25,33,4,10.99,43.96
25,34,23,20.99,482.77
26,1,6,9.99,59.94
26,2,15,9.99,149.85
26,3,15,1.99,29.85
26,4,12,9.99,119.88
26,5,8,7.99,63.92
26,6,23,6.99,160.77
26,7,16,11.99,191.84
26,8,22,3.99,87.78
26,9,15,9.99,149.85
26,10,25,10.99,274.75
26,11,2,10.99,21.98
26,12,14,8.99,125.86
26,13,20,14.99,299.8
26,14,2,5.99,11.98
26,15,20,3.99,79.8
26,16,20,2.99,59.8
26,17,6,13.99,83.94
26,18,7,34.99,244.93
26,19,90,13.99,1259.1
26,20,6,8.99,53.94
26,21,26,6.99,181.74
26,22,5,13.99,69.95
26,23,4,4.99,19.96
26,24,11,14.99,164.89
26,25,71,1.99,141.29
26,26,4,20.99,83.96
26,27,8,3.99,31.92
26,28,26,3.99,103.74
26,29,3,8.99,26.97
26,30,46,17.99,827.54
26,31,4,7.99,31.96
26,32,2,11.99,23.98
26,33,2,10.99,21.98
26,34,17,20.99,356.83
26,35,8,3.99,31.92
27,1,27,9.99,269.73
27,2,30,9.99,299.7
27,3,55,1.99,109.45
27,6,7,6.99,48.93
27,7,22,11.99,263.78
27,8,12,3.99,47.88
27,9,6,9.99,59.94
27,10,45,10.99,494.55
27,11,0,10.99,0
27,12,5,8.99,44.95
27,13,10,14.99,149.9
27,14,21,5.99,125.79
27,15,3,3.99,11.97
27,17,2,13.99,27.98
27,18,18,34.99,629.82
27,19,34,13.99,475.66
27,21,2,6.99,13.98
27,23,16,4.99,79.84
27,24,46,14.99,689.54
27,25,18,1.99,35.82
27,26,6,20.99,125.94
27,27,11,3.99,43.89
27,28,8,3.99,31.92
27,29,3,8.99,26.97
27,30,37,17.99,665.63
27,31,13,7.99,103.87
27,32,6,11.99,71.94
27,33,7,10.99,76.93
27,34,9,20.99,188.91
28,1,6,9.99,59.94
28,2,0,9.99,0
28,3,60,1.99,119.4
28,6,16,6.99,111.84
28,7,10,11.99,119.9
28,8,45,3.99,179.55
28,9,7,9.99,69.93
28,10,8,10.99,87.92
28,11,4,10.99,43.96
28,12,4,8.99,35.96
28,13,2,14.99,29.98
28,14,17,5.99,101.83
28,15,0,3.99,0
28,17,17,13.99,237.83
28,18,24,34.99,839.76
28,19,13,13.99,181.87
28,21,11,6.99,76.89
28,23,24,4.99,119.76
28,24,19,14.99,284.81
28,25,10,1.99,19.9
28,26,15,20.99,314.85
28,27,24,3.99,95.76
28,28,3,3.99,11.97
28,29,5,8.99,44.95
28,30,27,17.99,485.73
28,31,18,7.99,143.82
28,32,3,11.99,35.97
28,33,9,10.99,98.91
28,34,19,20.99,398.81
29,1,2,9.99,19.98
29,2,15,9.99,149.85
29,3,17,1.99,33.83
29,6,17,6.99,118.83
29,7,10,11.99,119.9
29,8,10,3.99,39.9
29,9,6,9.99,59.94
29,10,45,10.99,494.55
29,11,8,10.99,87.92
29,12,6,8.99,53.94
29,13,5,14.99,74.95
29,14,5,5.99,29.95
29,15,18,3.99,71.82
29,17,25,13.99,349.75
29,18,26,34.99,909.74
29,19,12,13.99,167.88
29,21,10,6.99,69.9
29,23,37,4.99,184.63
29,24,14,14.99,209.86
29,25,47,1.99,93.53
29,26,2,20.99,41.98
29,27,27,3.99,107.73
29,28,1,3.99,3.99
29,29,6,8.99,53.94
29,30,32,17.99,575.68
29,31,3,7.99,23.97
29,32,7,11.99,83.93
29,33,6,10.99,65.94
29,34,16,20.99,335.84
30,1,15,9.99,149.85
30,2,30,9.99,299.7
30,3,10,1.99,19.9
30,6,18,6.99,125.82
30,7,13,11.99,155.87
30,8,110,3.99,438.9
30,9,59,9.99,589.41
30,10,55,10.99,604.45
30,11,3,10.99,32.97
30,12,8,8.99,71.92
30,13,18,14.99,269.82
30,14,10,5.99,59.9
30,15,9,3.99,35.91
30,17,13,13.99,181.87
30,18,9,34.99,314.91
30,19,19,13.99,265.81
30,21,18,6.99,125.82
30,23,12,4.99,59.88
30,24,23,14.99,344.77
30,25,6,1.99,11.94
30,26,13,20.99,272.87
30,27,29,3.99,115.71
30,28,3,3.99,11.97
30,29,19,8.99,170.81
30,30,21,17.99,377.79
30,31,20,7.99,159.8
30,32,13,11.99,155.87
30,33,10,10.99,109.9
30,34,18,20.99,377.82
31,1,5,9.99,49.95
31,2,36,9.99,359.64
31,3,36,1.99,71.64
31,6,41,6.99,286.59
31,7,18,11.99,215.82
31,8,84,3.99,335.16
31,9,10,9.99,99.9
31,10,139,10.99,1527.61
31,11,8,10.99,87.92
31,12,13,8.99,116.87
31,13,19,14.99,284.81
31,14,9,5.99,53.91
31,15,4,3.99,15.96
31,17,19,13.99,265.81
31,18,2,34.99,69.98
31,19,95,13.99,1329.05
31,21,6,6.99,41.94
31,23,9,4.99,44.91
31,24,29,14.99,434.71
31,25,94,1.99,187.06
31,26,17,20.99,356.83
31,27,27,3.99,107.73
31,28,10,3.99,39.9
31,29,28,8.99,251.72
31,30,66,17.99,1187.34
31,31,39,7.99,311.61
31,32,12,11.99,143.88
31,33,20,10.99,219.8
31,34,20,20.99,419.8
32,1,25,9.99,249.75
32,2,10,9.99,99.9
32,3,45,1.99,89.55
32,6,65,6.99,454.35
32,7,18,11.99,215.82
32,8,56,3.99,223.44
32,9,3,9.99,29.97
32,10,138,10.99,1516.62
32,11,6,10.99,65.94
32,12,4,8.99,35.96
32,13,13,14.99,194.87
32,14,27,5.99,161.73
32,15,27,3.99,107.73
32,17,8,13.99,111.92
32,18,40,34.99,1399.6
32,19,35,13.99,489.65
32,21,0,6.99,0
32,23,23,4.99,114.77
32,24,42,14.99,629.58
32,25,20,1.99,39.8
32,26,11,20.99,230.89
32,27,53,3.99,211.47
32,28,5,3.99,19.95
32,29,4,8.99,35.96
32,30,28,17.99,503.72
32,31,4,7.99,31.96
32,32,8,11.99,95.92
32,33,13,10.99,142.87
32,34,20,20.99,419.8
33,1,10,9.99,99.9
33,2,16,9.99,159.84
33,3,21,1.99,41.79
33,4,15,9.99,149.85
33,5,7,7.99,55.93
33,6,8,6.99,55.92
33,7,4,11.99,47.96
33,8,66,3.99,263.34
33,9,3,9.99,29.97
33,10,12,10.99,131.88
33,11,4,10.99,43.96
33,12,17,8.99,152.83
33,13,0,14.99,0
33,14,11,5.99,65.89
33,15,0,3.99,0
33,16,5,2.99,14.95
33,17,2,13.99,27.98
33,18,15,34.99,524.85
33,19,61,13.99,853.39
33,20,11,8.99,98.89
33,21,13,6.99,90.87
33,22,5,13.99,69.95
33,23,22,4.99,109.78
33,24,27,14.99,404.73
33,25,57,1.99,113.43
33,26,5,20.99,104.95
33,27,6,3.99,23.94
33,28,5,3.99,19.95
33,29,9,8.99,80.91
33,30,39,17.99,701.61
33,31,7,7.99,55.93
33,32,15,11.99,179.85
33,33,9,10.99,98.91
33,34,14,20.99,293.86
33,35,18,3.99,71.82
34,1,5,9.99,49.95
34,2,25,9.99,249.75
34,3,17,1.99,33.83
34,4,15,9.99,149.85
34,5,7,7.99,55.93
34,6,24,6.99,167.76
34,7,5,11.99,59.95
34,8,68,3.99,271.32
34,9,0,9.99,0
34,10,57,10.99,626.43
34,11,18,10.99,197.82
34,12,6,8.99,53.94
34,13,3,14.99,44.97
34,14,5,5.99,29.95
34,15,10,3.99,39.9
34,16,7,2.99,20.93
34,17,19,13.99,265.81
34,18,12,34.99,419.88
34,19,14,13.99,195.86
34,20,17,8.99,152.83
34,21,22,6.99,153.78
34,22,15,13.99,209.85
34,23,13,4.99,64.87
34,24,28,14.99,419.72
34,25,131,1.99,260.69
34,26,3,20.99,62.97
34,27,12,3.99,47.88
34,28,13,3.99,51.87
34,29,3,8.99,26.97
34,30,53,17.99,953.47
34,31,30,7.99,239.7
34,32,19,11.99,227.81
34,33,9,10.99,98.91
34,34,17,20.99,356.83
34,35,20,3.99,79.8
35,1,8,9.99,79.92
35,2,37,9.99,369.63
35,3,12,1.99,23.88
35,6,31,6.99,216.69
35,7,10,11.99,119.9
35,8,77,3.99,307.23
35,9,4,9.99,39.96
35,10,86,10.99,945.14
35,11,8,10.99,87.92
35,12,15,8.99,134.85
35,13,3,14.99,44.97
35,14,38,5.99,227.62
35,15,0,3.99,0
35,17,10,13.99,139.9
35,18,11,34.99,384.89
35,19,44,13.99,615.56
35,21,6,6.99,41.94
35,23,5,4.99,24.95
35,24,44,14.99,659.56
35,25,14,1.99,27.86
35,26,5,20.99,104.95
35,27,16,3.99,63.84
35,28,20,3.99,79.8
35,29,11,8.99,98.89
35,30,10,17.99,179.9
35,31,74,7.99,591.26
35,32,20,11.99,239.8
35,33,14,10.99,153.86
35,34,9,20.99,188.91
36,1,2,9.99,19.98
36,2,26,9.99,259.74
36,3,26,1.99,51.74
36,4,0,9.99,0
36,5,3,7.99,23.97
36,6,27,6.99,188.73
36,7,15,11.99,179.85
36,8,58,3.99,231.42
36,9,19,9.99,189.81
36,10,33,10.99,362.67
36,11,1,10.99,10.99
36,12,1,8.99,8.99
36,13,18,14.99,269.82
36,14,110,5.99,658.9
36,15,2,3.99,7.98
36,16,7,2.99,20.93
36,17,12,13.99,167.88
36,18,4,34.99,139.96
36,19,28,13.99,391.72
36,20,2,8.99,17.98
36,21,33,6.99,230.67
36,22,21,13.99,293.79
36,23,19,4.99,94.81
36,24,9,14.99,134.91
36,25,125,1.99,248.75
36,26,7,20.99,146.93
36,27,46,3.99,183.54
36,28,7,3.99,27.93
36,29,14,8.99,125.86
36,30,15,17.99,269.85
36,31,6,7.99,47.94
36,32,7,11.99,83.93
36,33,21,10.99,230.79
36,34,2,20.99,41.98
36,35,12,3.99,47.88
37,1,23,9.99,229.77
37,2,3,9.99,29.97
37,3,4,1.99,7.96
37,4,4,9.99,39.96
37,5,2,7.99,15.98
37,6,17,6.99,118.83
37,7,16,11.99,191.84
37,8,129,3.99,514.71
37,9,10,9.99,99.9
37,10,34,10.99,373.66
37,11,7,10.99,76.93
37,12,11,8.99,98.89
37,13,21,14.99,314.79
37,14,5,5.99,29.95
37,15,4,3.99,15.96
37,16,6,2.99,17.94
37,17,7,13.99,97.93
37,18,6,34.99,209.94
37,19,69,13.99,965.31
37,20,11,8.99,98.89
37,21,53,6.99,370.47
37,22,9,13.99,125.91
37,23,0,4.99,0
37,24,27,14.99,404.73
37,25,34,1.99,67.66
37,26,11,20.99,230.89
37,27,18,3.99,71.82
37,28,4,3.99,15.96
37,29,5,8.99,44.95
37,30,35,17.99,629.65
37,31,14,7.99,111.86
37,32,0,11.99,0
37,33,10,10.99,109.9
37,34,13,20.99,272.87
37,35,14,3.99,55.86
38,1,21,9.99,209.79
38,2,34,9.99,339.66
38,3,54,1.99,107.46
38,4,15,9.99,149.85
38,5,20,7.99,159.8
38,6,54,6.99,377.46
38,7,84,11.99,1007.16
38,8,94,3.99,375.06
38,9,6,9.99,59.94
38,10,68,10.99,747.32
38,11,2,10.99,21.98
38,12,0,8.99,0
38,13,21,14.99,314.79
38,14,7,5.99,41.93
38,15,5,3.99,19.95
38,16,6,2.99,17.94
38,17,24,13.99,335.76
38,18,10,34.99,349.9
38,19,7,13.99,97.93
38,20,11,8.99,98.89
38,21,63,6.99,440.37
38,22,8,13.99,111.92
38,23,27,4.99,134.73
38,24,11,14.99,164.89
38,25,57,1.99,113.43
38,26,17,20.99,356.83
38,27,24,3.99,95.76
38,28,26,3.99,103.74
38,29,25,8.99,224.75
38,30,7,17.99,125.93
38,31,17,7.99,135.83
38,32,20,11.99,239.8
38,33,9,10.99,98.91
38,34,18,20.99,377.82
38,35,2,3.99,7.98
39,1,0,9.99,0
39,2,9,9.99,89.91
39,3,13,1.99,25.87
39,6,11,6.99,76.89
39,7,21,11.99,251.79
39,8,90,3.99,359.1
39,9,6,9.99,59.94
39,10,49,10.99,538.51
39,11,2,10.99,21.98
39,12,3,8.99,26.97
39,13,15,14.99,224.85
39,14,12,5.99,71.88
39,15,0,3.99,0
39,17,35,13.99,489.65
39,18,22,34.99,769.78
39,19,9,13.99,125.91
39,21,5,6.99,34.95
39,23,5,4.99,24.95
39,24,58,14.99,869.42
39,25,40,1.99,79.6
39,26,8,20.99,167.92
39,27,16,3.99,63.84
39,28,0,3.99,0
39,29,16,8.99,143.84
39,30,19,17.99,341.81
39,31,15,7.99,119.85
39,32,5,11.99,59.95
39,33,14,10.99,153.86
39,34,4,20.99,83.96
40,1,10,9.99,99.9
40,2,29,9.99,289.71
40,3,9,1.99,17.91
40,6,29,6.99,202.71
40,7,4,11.99,47.96
40,8,61,3.99,243.39
40,9,11,9.99,109.89
40,10,66,10.99,725.34
40,11,10,10.99,109.9
40,12,2,8.99,17.98
40,13,2,14.99,29.98
40,14,13,5.99,77.87
40,15,1,3.99,3.99
40,17,19,13.99,265.81
40,18,26,34.99,909.74
40,19,23,13.99,321.77
40,21,10,6.99,69.9
40,23,10,4.99,49.9
40,24,33,14.99,494.67
40,25,13,1.99,25.87
40,26,4,20.99,83.96
40,27,25,3.99,99.75
40,28,0,3.99,0
40,29,1,8.99,8.99
40,30,28,17.99,503.72
40,31,5,7.99,39.95
40,32,7,11.99,83.93
40,33,16,10.99,175.84
40,34,5,20.99,104.95
41,1,21,9.99,209.79
41,2,19,9.99,189.81
41,3,63,1.99,125.37
41,4,0,9.99,0
41,5,8,7.99,63.92
41,6,7,6.99,48.93
41,7,14,11.99,167.86
41,8,32,3.99,127.68
41,9,18,9.99,179.82
41,10,94,10.99,1033.06
41,11,0,10.99,0
41,12,19,8.99,170.81
41,13,6,14.99,89.94
41,14,6,5.99,35.94
41,15,6,3.99,23.94
41,16,17,2.99,50.83
41,17,3,13.99,41.97
41,18,9,34.99,314.91
41,19,100,13.99,1399
41,20,17,8.99,152.83
41,21,29,6.99,202.71
41,22,9,13.99,125.91
41,23,19,4.99,94.81
41,24,4,14.99,59.96
41,25,19,1.99,37.81
41,26,2,20.99,41.98
41,27,25,3.99,99.75
41,28,0,3.99,0
41,29,0,8.99,0
41,30,74,17.99,1331.26
41,31,18,7.99,143.82
41,32,29,11.99,347.71
41,33,13,10.99,142.87
41,34,15,20.99,314.85
41,35,10,3.99,39.9
42,1,8,9.99,79.92
42,2,10,9.99,99.9
42,3,32,1.99,63.68
42,4,11,9.99,109.89
42,5,12,7.99,95.88
42,6,29,6.99,202.71
42,7,7,11.99,83.93
42,8,54,3.99,215.46
42,9,30,9.99,299.7
42,10,39,10.99,428.61
42,11,20,10.99,219.8
42,12,10,8.99,89.9
42,13,7,14.99,104.93
42,14,13,5.99,77.87
42,15,3,3.99,11.97
42,16,0,2.99,0
42,17,11,13.99,153.89
42,18,21,34.99,734.79
42,19,44,13.99,615.56
42,20,8,8.99,71.92
42,21,69,6.99,482.31
42,22,7,13.99,97.93
42,23,31,4.99,154.69
42,24,69,14.99,1034.31
42,25,46,1.99,91.54
42,26,18,20.99,377.82
42,27,23,3.99,91.77
42,28,0,3.99,0
42,29,35,8.99,314.65
42,30,9,17.99,161.91
42,31,11,7.99,87.89
42,32,4,11.99,47.96
42,33,18,10.99,197.82
42,34,34,20.99,713.66
42,35,13,3.99,51.87
43,1,24,9.99,239.76
43,2,8,9.99,79.92
43,3,20,1.99,39.8
43,6,18,6.99,125.82
43,7,25,11.99,299.75
43,8,71,3.99,283.29
43,9,4,9.99,39.96
43,10,49,10.99,538.51
43,11,3,10.99,32.97
43,12,3,8.99,26.97
43,13,12,14.99,179.88
43,14,16,5.99,95.84
43,15,10,3.99,39.9
43,17,18,13.99,251.82
43,18,16,34.99,559.84
43,19,17,13.99,237.83
43,21,9,6.99,62.91
43,23,2,4.99,9.98
43,24,16,14.99,239.84
43,25,55,1.99,109.45
43,26,6,20.99,125.94
43,27,29,3.99,115.71
43,28,4,3.99,15.96
43,29,9,8.99,80.91
43,30,14,17.99,251.86
43,31,18,7.99,143.82
43,32,38,11.99,455.62
43,33,5,10.99,54.95
43,34,7,20.99,146.93
44,1,0,9.99,0
44,2,4,9.99,39.96
44,3,19,1.99,37.81
44,5,14,7.99,111.86
44,6,2,6.99,13.98
44,7,17,11.99,203.83
44,8,33,3.99,131.67
44,10,41,10.99,450.59
44,11,0,10.99,0
44,14,7,5.99,41.93
44,15,4,3.99,15.96
44,16,3,2.99,8.97
44,17,10,13.99,139.9
44,18,117,34.99,4093.83
44,24,6,14.99,89.94
44,25,26,1.99,51.74
44,27,24,3.99,95.76
44,30,26,17.99,467.74
44,31,8,7.99,63.92
44,32,29,11.99,347.71
44,33,0,10.99,0
44,34,22,20.99,461.78
45,1,26,9.99,259.74
45,2,23,9.99,229.77
45,3,63,1.99,125.37
45,6,8,6.99,55.92
45,7,15,11.99,179.85
45,8,8,3.99,31.92
45,9,0,9.99,0
45,10,42,10.99,461.58
45,11,10,10.99,109.9
45,12,8,8.99,71.92
45,13,15,14.99,224.85
45,14,18,5.99,107.82
45,15,19,3.99,75.81
45,17,4,13.99,55.96
45,18,14,34.99,489.86
45,19,75,13.99,1049.25
45,21,14,6.99,97.86
45,23,16,4.99,79.84
45,24,26,14.99,389.74
45,25,57,1.99,113.43
45,26,14,20.99,293.86
45,27,14,3.99,55.86
45,28,0,3.99,0
45,29,4,8.99,35.96
45,30,36,17.99,647.64
45,31,6,7.99,47.94
45,32,6,11.99,71.94
45,33,7,10.99,76.93
45,34,3,20.99,62.97
46,1,11,9.99,109.89
46,2,3,9.99,29.97
46,3,24,1.99,47.76
46,6,65,6.99,454.35
46,7,15,11.99,179.85
46,8,74,3.99,295.26
46,9,22,9.99,219.78
46,10,71,10.99,780.29
46,11,12,10.99,131.88
46,12,13,8.99,116.87
46,13,6,14.99,89.94
46,14,29,5.99,173.71
46,15,6,3.99,23.94
46,17,40,13.99,559.6
46,18,21,34.99,734.79
46,19,58,13.99,811.42
46,21,2,6.99,13.98
46,23,23,4.99,114.77
46,24,10,14.99,149.9
46,25,37,1.99,73.63
46,26,14,20.99,293.86
46,27,25,3.99,99.75
46,28,1,3.99,3.99
46,29,3,8.99,26.97
46,30,9,17.99,161.91
46,31,13,7.99,103.87
46,32,8,11.99,95.92
46,33,11,10.99,120.89
46,34,24,20.99,503.76
47,1,11,9.99,109.89
47,2,15,9.99,149.85
47,3,74,1.99,147.26
47,6,11,6.99,76.89
47,7,4,11.99,47.96
47,8,70,3.99,279.3
47,9,6,9.99,59.94
47,10,20,10.99,219.8
47,11,10,10.99,109.9
47,12,5,8.99,44.95
47,13,15,14.99,224.85
47,14,11,5.99,65.89
47,15,3,3.99,11.97
47,17,8,13.99,111.92
47,18,12,34.99,419.88
47,19,68,13.99,951.32
47,21,25,6.99,174.75
47,23,29,4.99,144.71
47,24,24,14.99,359.76
47,25,14,1.99,27.86
47,26,23,20.99,482.77
47,27,36,3.99,143.64
47,28,4,3.99,15.96
47,29,10,8.99,89.9
47,30,36,17.99,647.64
47,31,48,7.99,383.52
47,32,6,11.99,71.94
47,33,13,10.99,142.87
47,34,3,20.99,62.97
48,1,3,9.99,29.97
48,2,23,9.99,229.77
48,3,35,1.99,69.65
48,4,15,9.99,149.85
48,5,9,7.99,71.91
48,6,6,6.99,41.94
48,7,28,11.99,335.72
48,8,100,3.99,399
48,9,13,9.99,129.87
48,10,52,10.99,571.48
48,11,6,10.99,65.94
48,12,1,8.99,8.99
48,13,56,14.99,839.44
48,14,11,5.99,65.89
48,15,3,3.99,11.97
48,16,5,2.99,14.95
48,17,9,13.99,125.91
48,18,10,34.99,349.9
48,19,59,13.99,825.41
48,20,10,8.99,89.9
48,21,8,6.99,55.92
48,22,2,13.99,27.98
48,23,1,4.99,4.99
48,24,40,14.99,599.6
48,25,23,1.99,45.77
48,26,2,20.99,41.98
48,27,17,3.99,67.83
48,28,1,3.99,3.99
48,29,20,8.99,179.8
48,30,49,17.99,881.51
48,31,41,7.99,327.59
48,32,7,11.99,83.93
48,33,0,10.99,0
48,34,39,20.99,818.61
48,35,3,3.99,11.97
49,1,30,9.99,299.7
49,2,0,9.99,0
49,3,14,1.99,27.86
49,4,19,9.99,189.81
49,5,13,7.99,103.87
49,6,23,6.99,160.77
49,7,24,11.99,287.76
49,8,77,3.99,307.23
49,9,25,9.99,249.75
49,10,36,10.99,395.64
49,11,18,10.99,197.82
49,12,14,8.99,125.86
49,13,18,14.99,269.82
49,14,37,5.99,221.63
49,15,0,3.99,0
49,16,1,2.99,2.99
49,17,9,13.99,125.91
49,18,36,34.99,1259.64
49,19,48,13.99,671.52
49,20,13,8.99,116.87
49,21,37,6.99,258.63
49,22,8,13.99,111.92
49,23,18,4.99,89.82
49,24,23,14.99,344.77
49,25,23,1.99,45.77
49,26,19,20.99,398.81
49,27,32,3.99,127.68
49,28,10,3.99,39.9
49,29,12,8.99,107.88
49,30,3,17.99,53.97
49,31,51,7.99,407.49
49,32,11,11.99,131.89
49,33,15,10.99,164.85
49,34,2,20.99,41.98
49,35,19,3.99,75.81
50,1,18,9.99,179.82
50,2,49,9.99,489.51
50,3,22,1.99,43.78
50,4,16,9.99,159.84
50,5,3,7.99,23.97
50,6,27,6.99,188.73
50,7,13,11.99,155.87
50,8,51,3.99,203.49
50,9,7,9.99,69.93
50,10,34,10.99,373.66
50,11,20,10.99,219.8
50,12,0,8.99,0
50,13,15,14.99,224.85
50,14,32,5.99,191.68
50,15,16,3.99,63.84
50,16,5,2.99,14.95
50,17,6,13.99,83.94
50,18,51,34.99,1784.49
50,19,40,13.99,559.6
50,20,17,8.99,152.83
50,21,36,6.99,251.64
50,22,1,13.99,13.99
50,23,23,4.99,114.77
50,24,10,14.99,149.9
50,25,34,1.99,67.66
50,26,9,20.99,188.91
50,27,14,3.99,55.86
50,28,0,3.99,0
50,29,15,8.99,134.85
50,30,4,17.99,71.96
50,31,18,7.99,143.82
50,32,9,11.99,107.91
50,33,1,10.99,10.99
50,34,17,20.99,356.83
50,35,8,3.99,31.92
